architecture,run_1,run_2,run_3
SSDMobileNet,0.9869542132327934,0.9898474729694565,0.9905039790254124
SSDResNet50,0.9932349346901923,0.990208924377675,0.9931961216531542
