architecture,run_1,run_2,run_3
SSDMobileNet,0.9683089237996789,0.986482561708591,0.9525675457907443
SSDResNet50,0.9908390831477463,0.9916620579750812,0.9891779628373808
