architecture,run_1,run_2,run_3
SSDMobileNet,0.7103695112409396,0.6941403159278176,0.7127636996345552
SSDResNet50,0.8149013324160791,0.8154761943884246,0.8119313865629508
