architecture,run_1,run_2,run_3
SSDMobileNet,0.8136914430933129,0.8515775837890239,0.8208789534034601
SSDResNet50,0.8538677700719938,0.8412234794565631,0.8509799114404999
