architecture,run_1,run_2,run_3
SSDMobileNet,0.7560956130121236,0.7488370076203812,0.7584827201391359
SSDResNet50,0.7627135264907041,0.76480998925326,0.7671452702126604
