architecture,run_1,run_2,run_3
SSDMobileNet,0.7761791541806133,0.7745264615963423,0.7782508374418693
SSDResNet50,0.7854003395324014,0.7899501312536992,0.7846727659619358
